{
  "id": "2425398",
  "name": "小程序",
  "font_family": "wx-icon",
  "css_prefix_text": "wx-icon-",
  "description": "",
  "glyphs": [
    {
      "icon_id": "10685747",
      "name": "发现",
      "font_class": "faxian-",
      "unicode": "e653",
      "unicode_decimal": 58963
    },
    {
      "icon_id": "16365906",
      "name": "用户",
      "font_class": "yonghu1",
      "unicode": "e6a0",
      "unicode_decimal": 59040
    },
    {
      "icon_id": "16563767",
      "name": "删 除 ",
      "font_class": "cangpeitubiao_shanchu",
      "unicode": "e61a",
      "unicode_decimal": 58906
    },
    {
      "icon_id": "17210093",
      "name": "删除",
      "font_class": "lajitong",
      "unicode": "e66f",
      "unicode_decimal": 58991
    },
    {
      "icon_id": "5037719",
      "name": "右箭头",
      "font_class": "youjiantou",
      "unicode": "e629",
      "unicode_decimal": 58921
    },
    {
      "icon_id": "14477242",
      "name": "报告",
      "font_class": "baogao",
      "unicode": "e678",
      "unicode_decimal": 59000
    },
    {
      "icon_id": "1617187",
      "name": "关于",
      "font_class": "guanyu",
      "unicode": "e60d",
      "unicode_decimal": 58893
    },
    {
      "icon_id": "1761534",
      "name": "设备",
      "font_class": "shebei",
      "unicode": "e650",
      "unicode_decimal": 58960
    },
    {
      "icon_id": "4799936",
      "name": "设备",
      "font_class": "shebei1",
      "unicode": "e79f",
      "unicode_decimal": 59295
    },
    {
      "icon_id": "6850419",
      "name": "信息",
      "font_class": "xinxi",
      "unicode": "e608",
      "unicode_decimal": 58888
    },
    {
      "icon_id": "14055572",
      "name": "头像",
      "font_class": "touxiang",
      "unicode": "e618",
      "unicode_decimal": 58904
    },
    {
      "icon_id": "14294754",
      "name": "扫一扫",
      "font_class": "saoyisao",
      "unicode": "e619",
      "unicode_decimal": 58905
    },
    {
      "icon_id": "16530775",
      "name": "用户",
      "font_class": "yonghu",
      "unicode": "e643",
      "unicode_decimal": 58947
    },
    {
      "icon_id": "20427930",
      "name": "头像",
      "font_class": "touxiang-copy",
      "unicode": "e7a0",
      "unicode_decimal": 59296
    }
  ]
}
